"Name","Length","Extension","Hash"
"20230618_085907.mp4","7659644",".mp4","DA5BEB92006E9FD341E7A0158932E0B33FFE0415F703AF313BA093F3916D5D0C"
"20230621_104350.mp4","199827421",".mp4","F8DBB72B4DB00A68A737C696076CE120355D56C9DB64CCCE2C193BB9A9F3F7B6"
"20230630_073359.mp4","236101134",".mp4","D19A51A734A4E42B326126014C4FC3285D5DF9B488E950A12760AAD0BBFBE72E"
"20230701_204627.mp4","25616745",".mp4","69661261DC3F016700AD78BA1DE3B34C41C98976DD6E54EB5D51AA8EAE7EFB38"
"20230716_124722.mp4","124816164",".mp4","F58053F50E9A17439A6220543065B001770B063FF8607E40E298C839AF932133"
"20230716_124832.mp4","46241033",".mp4","5C0729EBD5FCE7DF3519DB8B4E25A81E73742F8DAD0103CDE3C12EC1B1B58337"
"20230716_125003.mp4","5923273",".mp4","1FDA7B0682D74083E5EDCFDE069714FE5A2AA6C39F534F4EFF728D1F9CA63E1C"
"20230716_125015.mp4","12006860",".mp4","42FF2A8216CC83FFE00B29F7BA25E95F90C651B7464632A9A1461FFF3F78D10B"
"20230726_084216.mp4","17846397",".mp4","2DBBA3B2059E995A01F28ECA248525E5F52F33B65EBA43A459045133C6838B2E"
"20230726_084247.mp4","22497588",".mp4","496225942845F660CFBC87324E01A79E506214D014B61E772557D7E4C67B0EA4"
"20240610_154820.mp4","17116424",".mp4","261C24645E282677CA0399DBF0245E13F9637F1B945B867F0C6F071C1830F494"
"20240614_184431.mp4","47679933",".mp4","FDDE0AD83EE082AFC8D5B9CB1AF5A9E9E267E4F8C60DDC7202893994C404BC3C"
"20240630_123759.mp4","48609735",".mp4","40738B2E367359E4371106ECD2351460D10D76D22D4888F5EAE8BF7E70FC1E73"
"20240922_094701.mp4","52108315",".mp4","282BE836B442333B738658AEC123AA1C7CD65E5BD334A4B51D629425252F725B"
"20240922_094928.mp4","183778513",".mp4","6F0EE128F9CD35CE8DC7051672DD3E359AAC32404B0270BD217D0D84B182F79A"

test

